[{"model": "symposion_schedule.schedule", "pk": 1, "fields": {"section": 2, "published": true, "hidden": false}}, {"model": "symposion_schedule.day", "pk": 1, "fields": {"schedule": 1, "date": "2017-08-11"}}, {"model": "symposion_schedule.day", "pk": 2, "fields": {"schedule": 1, "date": "2017-08-13"}}, {"model": "symposion_schedule.day", "pk": 3, "fields": {"schedule": 1, "date": "2017-08-12"}}, {"model": "symposion_schedule.room", "pk": 1, "fields": {"schedule": 1, "name": "Robertson", "order": 1}}, {"model": "symposion_schedule.room", "pk": 2, "fields": {"schedule": 1, "name": "Robertson 2", "order": 2}}, {"model": "symposion_schedule.room", "pk": 3, "fields": {"schedule": 1, "name": "Fisher East", "order": 3}}, {"model": "symposion_schedule.room", "pk": 4, "fields": {"schedule": 1, "name": "Fisher West", "order": 4}}, {"model": "symposion_schedule.slotkind", "pk": 1, "fields": {"schedule": 1, "label": "lunch"}}, {"model": "symposion_schedule.slotkind", "pk": 2, "fields": {"schedule": 1, "label": "talk"}}, {"model": "symposion_schedule.slotkind", "pk": 3, "fields": {"schedule": 1, "label": "expo"}}, {"model": "symposion_schedule.slotkind", "pk": 4, "fields": {"schedule": 1, "label": "sponsored"}}, {"model": "symposion_schedule.slotkind", "pk": 5, "fields": {"schedule": 1, "label": "reception"}}, {"model": "symposion_schedule.slotkind", "pk": 6, "fields": {"schedule": 1, "label": "lightning"}}, {"model": "symposion_schedule.slotkind", "pk": 7, "fields": {"schedule": 1, "label": "keynote"}}, {"model": "symposion_schedule.slot", "pk": 1, "fields": {"name": "2017-08-12 lunch (12:00:00 - 13:00:00) ", "day": 3, "kind": 1, "start": "12:00:00", "end": "13:00:00", "content_override": "lunch will be served outside", "content_override_html": "<p>lunch will be served outside</p>"}}, {"model": "symposion_schedule.slot", "pk": 2, "fields": {"name": "2017-08-12 talk (11:00:00 - 12:00:00) Fisher East", "day": 3, "kind": 2, "start": "11:00:00", "end": "12:00:00", "content_override": "", "content_override_html": ""}}, {"model": "symposion_schedule.slot", "pk": 4, "fields": {"name": "2017-08-12 talk (13:00:00 - 13:45:00) Robertson", "day": 3, "kind": 2, "start": "13:00:00", "end": "13:45:00", "content_override": "", "content_override_html": ""}}, {"model": "symposion_schedule.slot", "pk": 5, "fields": {"name": "2017-08-12 talk (13:00:00 - 13:45:00) Robertson 2", "day": 3, "kind": 2, "start": "13:00:00", "end": "13:45:00", "content_override": "", "content_override_html": ""}}, {"model": "symposion_schedule.slot", "pk": 6, "fields": {"name": "2017-08-12 talk (13:00:00 - 13:45:00) Fisher East", "day": 3, "kind": 2, "start": "13:00:00", "end": "13:45:00", "content_override": "", "content_override_html": ""}}, {"model": "symposion_schedule.slot", "pk": 7, "fields": {"name": "2017-08-12 talk (13:00:00 - 13:45:00) Fisher West", "day": 3, "kind": 2, "start": "13:00:00", "end": "13:45:00", "content_override": "", "content_override_html": ""}}, {"model": "symposion_schedule.slot", "pk": 8, "fields": {"name": "2017-08-12 talk (11:00:00 - 12:00:00) Fisher West", "day": 3, "kind": 2, "start": "11:00:00", "end": "12:00:00", "content_override": "", "content_override_html": ""}}, {"model": "symposion_schedule.slot", "pk": 9, "fields": {"name": "2017-08-12 talk (14:00:00 - 15:00:00) Robertson", "day": 3, "kind": 2, "start": "14:00:00", "end": "15:00:00", "content_override": "", "content_override_html": ""}}, {"model": "symposion_schedule.slot", "pk": 10, "fields": {"name": "2017-08-12 talk (14:00:00 - 15:00:00) Robertson 2", "day": 3, "kind": 2, "start": "14:00:00", "end": "15:00:00", "content_override": "", "content_override_html": ""}}, {"model": "symposion_schedule.slot", "pk": 11, "fields": {"name": "2017-08-12 talk (14:00:00 - 15:00:00) Fisher East", "day": 3, "kind": 2, "start": "14:00:00", "end": "15:00:00", "content_override": "", "content_override_html": ""}}, {"model": "symposion_schedule.slot", "pk": 12, "fields": {"name": "2017-08-12 talk (14:00:00 - 15:00:00) Fisher West", "day": 3, "kind": 2, "start": "14:00:00", "end": "15:00:00", "content_override": "", "content_override_html": ""}}, {"model": "symposion_schedule.slot", "pk": 13, "fields": {"name": "2017-08-12 talk (15:15:00 - 16:15:00) Robertson", "day": 3, "kind": 2, "start": "15:15:00", "end": "16:15:00", "content_override": "", "content_override_html": ""}}, {"model": "symposion_schedule.slot", "pk": 14, "fields": {"name": "2017-08-12 talk (15:15:00 - 16:15:00) Robertson 2", "day": 3, "kind": 2, "start": "15:15:00", "end": "16:15:00", "content_override": "", "content_override_html": ""}}, {"model": "symposion_schedule.slot", "pk": 15, "fields": {"name": "2017-08-12 talk (15:15:00 - 16:15:00) Fisher East", "day": 3, "kind": 2, "start": "15:15:00", "end": "16:15:00", "content_override": "", "content_override_html": ""}}, {"model": "symposion_schedule.slot", "pk": 16, "fields": {"name": "2017-08-12 talk (15:15:00 - 16:15:00) Fisher West", "day": 3, "kind": 2, "start": "15:15:00", "end": "16:15:00", "content_override": "", "content_override_html": ""}}, {"model": "symposion_schedule.slot", "pk": 17, "fields": {"name": "2017-08-12 talk (16:30:00 - 17:30:00) Robertson", "day": 3, "kind": 2, "start": "16:30:00", "end": "17:30:00", "content_override": "", "content_override_html": ""}}, {"model": "symposion_schedule.slot", "pk": 18, "fields": {"name": "2017-08-12 talk (16:30:00 - 17:30:00) Robertson 2", "day": 3, "kind": 2, "start": "16:30:00", "end": "17:30:00", "content_override": "", "content_override_html": ""}}, {"model": "symposion_schedule.slot", "pk": 19, "fields": {"name": "2017-08-12 talk (16:30:00 - 17:30:00) Fisher East", "day": 3, "kind": 2, "start": "16:30:00", "end": "17:30:00", "content_override": "", "content_override_html": ""}}, {"model": "symposion_schedule.slot", "pk": 20, "fields": {"name": "2017-08-12 talk (16:30:00 - 17:30:00) Fisher West", "day": 3, "kind": 2, "start": "16:30:00", "end": "17:30:00", "content_override": "", "content_override_html": ""}}, {"model": "symposion_schedule.slot", "pk": 21, "fields": {"name": "2017-08-12 expo (17:00:00 - 20:00:00) ", "day": 3, "kind": 3, "start": "17:00:00", "end": "20:00:00", "content_override": "Job Fair / tools expo in the Atrium", "content_override_html": "<p>Job Fair / tools expo in the Atrium</p>"}}, {"model": "symposion_schedule.slot", "pk": 22, "fields": {"name": "2017-08-12 sponsored (19:30:00 - 20:30:00) Fisher East", "day": 3, "kind": 4, "start": "19:30:00", "end": "20:30:00", "content_override": "Sponsored Program TBD", "content_override_html": "<p>Sponsored Program TBD</p>"}}, {"model": "symposion_schedule.slot", "pk": 23, "fields": {"name": "2017-08-12 sponsored (19:30:00 - 20:30:00) Fisher West", "day": 3, "kind": 4, "start": "19:30:00", "end": "20:30:00", "content_override": "Sponsored Program TBD", "content_override_html": "<p>Sponsored Program TBD</p>"}}, {"model": "symposion_schedule.slot", "pk": 24, "fields": {"name": "2017-08-13 reception (09:30:00 - 10:00:00) ", "day": 2, "kind": 5, "start": "09:30:00", "end": "10:00:00", "content_override": "Breakfast at Atrium", "content_override_html": "<p>Breakfast at Atrium</p>"}}, {"model": "symposion_schedule.slot", "pk": 25, "fields": {"name": "2017-08-13 talk (10:00:00 - 11:00:00) Robertson", "day": 2, "kind": 2, "start": "10:00:00", "end": "11:00:00", "content_override": "", "content_override_html": ""}}, {"model": "symposion_schedule.slot", "pk": 26, "fields": {"name": "2017-08-13 talk (10:00:00 - 11:00:00) Robertson 2", "day": 2, "kind": 2, "start": "10:00:00", "end": "11:00:00", "content_override": "", "content_override_html": ""}}, {"model": "symposion_schedule.slot", "pk": 27, "fields": {"name": "2017-08-13 talk (10:00:00 - 11:00:00) Fisher West", "day": 2, "kind": 2, "start": "10:00:00", "end": "11:00:00", "content_override": "", "content_override_html": ""}}, {"model": "symposion_schedule.slot", "pk": 28, "fields": {"name": "2017-08-13 talk (10:00:00 - 11:00:00) Fisher East", "day": 2, "kind": 2, "start": "10:00:00", "end": "11:00:00", "content_override": "", "content_override_html": ""}}, {"model": "symposion_schedule.slot", "pk": 29, "fields": {"name": "2017-08-13 talk (11:15:00 - 12:15:00) Robertson", "day": 2, "kind": 2, "start": "11:15:00", "end": "12:15:00", "content_override": "", "content_override_html": ""}}, {"model": "symposion_schedule.slot", "pk": 30, "fields": {"name": "2017-08-13 talk (11:15:00 - 12:15:00) Robertson 2", "day": 2, "kind": 2, "start": "11:15:00", "end": "12:15:00", "content_override": "", "content_override_html": ""}}, {"model": "symposion_schedule.slot", "pk": 31, "fields": {"name": "2017-08-13 talk (11:15:00 - 12:15:00) Fisher East", "day": 2, "kind": 2, "start": "11:15:00", "end": "12:15:00", "content_override": "", "content_override_html": ""}}, {"model": "symposion_schedule.slot", "pk": 32, "fields": {"name": "2017-08-13 talk (11:15:00 - 12:15:00) Fisher West", "day": 2, "kind": 2, "start": "11:15:00", "end": "12:15:00", "content_override": "", "content_override_html": ""}}, {"model": "symposion_schedule.slot", "pk": 33, "fields": {"name": "2017-08-13 lunch (12:00:00 - 13:30:00) ", "day": 2, "kind": 1, "start": "12:00:00", "end": "13:30:00", "content_override": "Lunch served outside", "content_override_html": "<p>Lunch served outside</p>"}}, {"model": "symposion_schedule.slot", "pk": 34, "fields": {"name": "2017-08-13 talk (13:15:00 - 14:15:00) Robertson", "day": 2, "kind": 2, "start": "13:15:00", "end": "14:15:00", "content_override": "", "content_override_html": ""}}, {"model": "symposion_schedule.slot", "pk": 35, "fields": {"name": "2017-08-13 talk (13:15:00 - 14:15:00) Robertson 2", "day": 2, "kind": 2, "start": "13:15:00", "end": "14:15:00", "content_override": "", "content_override_html": ""}}, {"model": "symposion_schedule.slot", "pk": 36, "fields": {"name": "2017-08-13 talk (13:15:00 - 14:15:00) Fisher East", "day": 2, "kind": 2, "start": "13:15:00", "end": "14:15:00", "content_override": "", "content_override_html": ""}}, {"model": "symposion_schedule.slot", "pk": 37, "fields": {"name": "2017-08-13 talk (13:15:00 - 14:15:00) Fisher West", "day": 2, "kind": 2, "start": "13:15:00", "end": "14:15:00", "content_override": "", "content_override_html": ""}}, {"model": "symposion_schedule.slot", "pk": 38, "fields": {"name": "2017-08-13 talk (14:30:00 - 15:15:00) Robertson 2", "day": 2, "kind": 2, "start": "14:30:00", "end": "15:15:00", "content_override": "", "content_override_html": ""}}, {"model": "symposion_schedule.slot", "pk": 39, "fields": {"name": "2017-08-13 talk (14:30:00 - 15:15:00) Robertson", "day": 2, "kind": 2, "start": "14:30:00", "end": "15:15:00", "content_override": "", "content_override_html": ""}}, {"model": "symposion_schedule.slot", "pk": 40, "fields": {"name": "2017-08-13 talk (15:45:00 - 16:45:00) Robertson", "day": 2, "kind": 2, "start": "15:45:00", "end": "16:45:00", "content_override": "", "content_override_html": ""}}, {"model": "symposion_schedule.slot", "pk": 41, "fields": {"name": "2017-08-13 talk (14:30:00 - 15:30:00) Fisher East", "day": 2, "kind": 2, "start": "14:30:00", "end": "15:30:00", "content_override": "", "content_override_html": ""}}, {"model": "symposion_schedule.slot", "pk": 42, "fields": {"name": "2017-08-13 talk (14:30:00 - 15:30:00) Fisher West", "day": 2, "kind": 2, "start": "14:30:00", "end": "15:30:00", "content_override": "", "content_override_html": ""}}, {"model": "symposion_schedule.slot", "pk": 43, "fields": {"name": "2017-08-13 talk (15:45:00 - 16:45:00) Robertson 2", "day": 2, "kind": 2, "start": "15:45:00", "end": "16:45:00", "content_override": "", "content_override_html": ""}}, {"model": "symposion_schedule.slot", "pk": 44, "fields": {"name": "2017-08-13 talk (15:45:00 - 16:45:00) Fisher East", "day": 2, "kind": 2, "start": "15:45:00", "end": "16:45:00", "content_override": "", "content_override_html": ""}}, {"model": "symposion_schedule.slot", "pk": 45, "fields": {"name": "2017-08-13 talk (15:45:00 - 16:45:00) Fisher West", "day": 2, "kind": 2, "start": "15:45:00", "end": "16:45:00", "content_override": "", "content_override_html": ""}}, {"model": "symposion_schedule.slot", "pk": 46, "fields": {"name": "2017-08-13 lightning (17:00:00 - 18:00:00) Robertson", "day": 2, "kind": 6, "start": "17:00:00", "end": "18:00:00", "content_override": "Nothing else happening at Lightning Talks", "content_override_html": "<p>Nothing else happening at Lightning Talks</p>"}}, {"model": "symposion_schedule.slot", "pk": 47, "fields": {"name": "2017-08-13 keynote (18:00:00 - 18:15:00) Robertson", "day": 2, "kind": 7, "start": "18:00:00", "end": "18:15:00", "content_override": "This is actually closing and raffle", "content_override_html": "<p>This is actually closing and raffle</p>"}}, {"model": "symposion_schedule.slot", "pk": 48, "fields": {"name": "2017-08-12 keynote (09:30:00 - 10:45:00) Robertson", "day": 3, "kind": 7, "start": "09:30:00", "end": "10:45:00", "content_override": "Opening + Keynote", "content_override_html": "<p>Opening + Keynote</p>"}}, {"model": "symposion_schedule.slot", "pk": 49, "fields": {"name": "2017-08-12 reception (08:30:00 - 09:30:00) ", "day": 3, "kind": 5, "start": "08:30:00", "end": "09:30:00", "content_override": "Registration and breakfast", "content_override_html": "<p>Registration and breakfast</p>"}}, {"model": "symposion_schedule.slot", "pk": 50, "fields": {"name": "2017-08-11 keynote (19:00:00 - 19:30:00) ", "day": 1, "kind": 7, "start": "19:00:00", "end": "19:30:00", "content_override": "Location TBD", "content_override_html": "<p>Location TBD</p>"}}, {"model": "symposion_schedule.slot", "pk": 51, "fields": {"name": "2017-08-11 lightning (19:30:00 - 20:30:00) ", "day": 1, "kind": 6, "start": "19:30:00", "end": "20:30:00", "content_override": "Location TBD", "content_override_html": "<p>Location TBD</p>"}}, {"model": "symposion_schedule.slot", "pk": 52, "fields": {"name": "2017-08-11 reception (17:30:00 - 19:00:00) ", "day": 1, "kind": 5, "start": "17:30:00", "end": "19:00:00", "content_override": "Location TBD Registration starts at 5:30p", "content_override_html": "<p>Location TBD Registration starts at 5:30p</p>"}}, {"model": "symposion_schedule.slot", "pk": 53, "fields": {"name": "2017-08-11 reception (20:30:00 - 21:30:00) ", "day": 1, "kind": 5, "start": "20:30:00", "end": "21:30:00", "content_override": "Location TBD Closing and more networking", "content_override_html": "<p>Location TBD Closing and more networking</p>"}}, {"model": "symposion_schedule.slotroom", "pk": 1, "fields": {"slot": 2, "room": 3}}, {"model": "symposion_schedule.slotroom", "pk": 3, "fields": {"slot": 4, "room": 1}}, {"model": "symposion_schedule.slotroom", "pk": 4, "fields": {"slot": 5, "room": 2}}, {"model": "symposion_schedule.slotroom", "pk": 5, "fields": {"slot": 6, "room": 3}}, {"model": "symposion_schedule.slotroom", "pk": 6, "fields": {"slot": 7, "room": 4}}, {"model": "symposion_schedule.slotroom", "pk": 7, "fields": {"slot": 8, "room": 4}}, {"model": "symposion_schedule.slotroom", "pk": 8, "fields": {"slot": 9, "room": 1}}, {"model": "symposion_schedule.slotroom", "pk": 9, "fields": {"slot": 10, "room": 2}}, {"model": "symposion_schedule.slotroom", "pk": 10, "fields": {"slot": 11, "room": 3}}, {"model": "symposion_schedule.slotroom", "pk": 11, "fields": {"slot": 12, "room": 4}}, {"model": "symposion_schedule.slotroom", "pk": 12, "fields": {"slot": 13, "room": 1}}, {"model": "symposion_schedule.slotroom", "pk": 13, "fields": {"slot": 14, "room": 2}}, {"model": "symposion_schedule.slotroom", "pk": 14, "fields": {"slot": 15, "room": 3}}, {"model": "symposion_schedule.slotroom", "pk": 15, "fields": {"slot": 16, "room": 4}}, {"model": "symposion_schedule.slotroom", "pk": 16, "fields": {"slot": 17, "room": 1}}, {"model": "symposion_schedule.slotroom", "pk": 17, "fields": {"slot": 18, "room": 2}}, {"model": "symposion_schedule.slotroom", "pk": 18, "fields": {"slot": 19, "room": 3}}, {"model": "symposion_schedule.slotroom", "pk": 19, "fields": {"slot": 20, "room": 4}}, {"model": "symposion_schedule.slotroom", "pk": 20, "fields": {"slot": 22, "room": 3}}, {"model": "symposion_schedule.slotroom", "pk": 21, "fields": {"slot": 23, "room": 4}}, {"model": "symposion_schedule.slotroom", "pk": 22, "fields": {"slot": 25, "room": 1}}, {"model": "symposion_schedule.slotroom", "pk": 23, "fields": {"slot": 26, "room": 2}}, {"model": "symposion_schedule.slotroom", "pk": 24, "fields": {"slot": 27, "room": 4}}, {"model": "symposion_schedule.slotroom", "pk": 25, "fields": {"slot": 28, "room": 3}}, {"model": "symposion_schedule.slotroom", "pk": 26, "fields": {"slot": 29, "room": 1}}, {"model": "symposion_schedule.slotroom", "pk": 27, "fields": {"slot": 30, "room": 2}}, {"model": "symposion_schedule.slotroom", "pk": 28, "fields": {"slot": 31, "room": 3}}, {"model": "symposion_schedule.slotroom", "pk": 29, "fields": {"slot": 32, "room": 4}}, {"model": "symposion_schedule.slotroom", "pk": 30, "fields": {"slot": 34, "room": 1}}, {"model": "symposion_schedule.slotroom", "pk": 31, "fields": {"slot": 35, "room": 2}}, {"model": "symposion_schedule.slotroom", "pk": 32, "fields": {"slot": 36, "room": 3}}, {"model": "symposion_schedule.slotroom", "pk": 33, "fields": {"slot": 37, "room": 4}}, {"model": "symposion_schedule.slotroom", "pk": 34, "fields": {"slot": 38, "room": 2}}, {"model": "symposion_schedule.slotroom", "pk": 35, "fields": {"slot": 39, "room": 1}}, {"model": "symposion_schedule.slotroom", "pk": 36, "fields": {"slot": 40, "room": 1}}, {"model": "symposion_schedule.slotroom", "pk": 37, "fields": {"slot": 41, "room": 3}}, {"model": "symposion_schedule.slotroom", "pk": 38, "fields": {"slot": 42, "room": 4}}, {"model": "symposion_schedule.slotroom", "pk": 39, "fields": {"slot": 43, "room": 2}}, {"model": "symposion_schedule.slotroom", "pk": 40, "fields": {"slot": 44, "room": 3}}, {"model": "symposion_schedule.slotroom", "pk": 41, "fields": {"slot": 45, "room": 4}}, {"model": "symposion_schedule.slotroom", "pk": 42, "fields": {"slot": 46, "room": 1}}, {"model": "symposion_schedule.slotroom", "pk": 43, "fields": {"slot": 47, "room": 1}}, {"model": "symposion_schedule.slotroom", "pk": 44, "fields": {"slot": 48, "room": 1}}]