[{"model": "sponsorbenefits.sponsorpackage", "pk": 1, "fields": {"order": 0, "text": "Pre-Conference"}}, {"model": "sponsorbenefits.sponsorpackage", "pk": 2, "fields": {"order": 1, "text": "At Conference"}}, {"model": "sponsorbenefits.sponsorpackage", "pk": 3, "fields": {"order": 2, "text": "Post Conference"}}, {"model": "sponsorbenefits.sponsorcategory", "pk": 1, "fields": {"order": 0, "text": "Recruiting & Exhibition Focus"}}, {"model": "sponsorbenefits.sponsorcategory", "pk": 2, "fields": {"order": 1, "text": "Diversity & Inclusion Focus"}}, {"model": "sponsorbenefits.sponsorlevel", "pk": 1, "fields": {"order": 0, "text": "Champion", "category": 1, "price_text": "$20,000"}}, {"model": "sponsorbenefits.sponsorlevel", "pk": 2, "fields": {"order": 1, "text": "Partner", "category": 1, "price_text": "$10,000"}}, {"model": "sponsorbenefits.sponsorlevel", "pk": 3, "fields": {"order": 2, "text": "Promoter", "category": 1, "price_text": "$5,000"}}, {"model": "sponsorbenefits.sponsorlevel", "pk": 4, "fields": {"order": 3, "text": "Advocate", "category": 2, "price_text": "$5,000"}}, {"model": "sponsorbenefits.sponsorlevel", "pk": 5, "fields": {"order": 4, "text": "Friend", "category": 2, "price_text": "$2,500"}}, {"model": "sponsorbenefits.benefit", "pk": 1, "fields": {"order": 0, "package": 1, "text": "Job slot on pybay.com"}}, {"model": "sponsorbenefits.benefit", "pk": 2, "fields": {"order": 1, "package": 1, "text": "Guest blog D&I initiatives on PyBay\u2019s Medium"}}, {"model": "sponsorbenefits.benefit", "pk": 3, "fields": {"order": 2, "package": 2, "text": "PyBay tickets"}}, {"model": "sponsorbenefits.benefit", "pk": 4, "fields": {"order": 3, "package": 1, "text": "Logo in emails to mailing list"}}, {"model": "sponsorbenefits.benefit", "pk": 5, "fields": {"order": 4, "package": 1, "text": "100-word blurb & logo on pybay.com"}}, {"model": "sponsorbenefits.benefit", "pk": 6, "fields": {"order": 5, "package": 1, "text": "Mentions in social media"}}, {"model": "sponsorbenefits.benefit", "pk": 7, "fields": {"order": 6, "package": 2, "text": "Exhibit days"}}, {"model": "sponsorbenefits.benefit", "pk": 8, "fields": {"order": 7, "package": 2, "text": "Booth size"}}, {"model": "sponsorbenefits.benefit", "pk": 9, "fields": {"order": 8, "package": 2, "text": "Logo on PyBay T-shirt"}}, {"model": "sponsorbenefits.benefit", "pk": 10, "fields": {"order": 9, "package": 2, "text": "Bag insert OR raffle item"}}, {"model": "sponsorbenefits.benefit", "pk": 11, "fields": {"order": 10, "package": 2, "text": "Logo on menu & napkins"}}, {"model": "sponsorbenefits.benefit", "pk": 12, "fields": {"order": 11, "package": 2, "text": "Pop-up banner in keynote room"}}, {"model": "sponsorbenefits.benefit", "pk": 13, "fields": {"order": 12, "package": 2, "text": "Host programs in your booth*"}}, {"model": "sponsorbenefits.benefit", "pk": 14, "fields": {"order": 13, "package": 2, "text": "5 mins pre-keynote talk time"}}, {"model": "sponsorbenefits.benefit", "pk": 15, "fields": {"order": 14, "package": 3, "text": "Your name on 80+ videos"}}, {"model": "sponsorbenefits.benefitapplies", "pk": 1, "fields": {"text": "Yes", "benefit": 1, "level": 1}}, {"model": "sponsorbenefits.benefitapplies", "pk": 2, "fields": {"text": "Yes", "benefit": 1, "level": 2}}, {"model": "sponsorbenefits.benefitapplies", "pk": 3, "fields": {"text": "Yes", "benefit": 1, "level": 3}}, {"model": "sponsorbenefits.benefitapplies", "pk": 4, "fields": {"text": "Yes", "benefit": 2, "level": 1}}, {"model": "sponsorbenefits.benefitapplies", "pk": 5, "fields": {"text": "Yes", "benefit": 2, "level": 4}}, {"model": "sponsorbenefits.benefitapplies", "pk": 6, "fields": {"text": "8", "benefit": 3, "level": 1}}, {"model": "sponsorbenefits.benefitapplies", "pk": 7, "fields": {"text": "4", "benefit": 3, "level": 2}}, {"model": "sponsorbenefits.benefitapplies", "pk": 8, "fields": {"text": "2", "benefit": 3, "level": 3}}, {"model": "sponsorbenefits.benefitapplies", "pk": 9, "fields": {"text": "20% Disc", "benefit": 3, "level": 4}}, {"model": "sponsorbenefits.benefitapplies", "pk": 10, "fields": {"text": "20% Disc", "benefit": 3, "level": 5}}, {"model": "sponsorbenefits.benefitapplies", "pk": 11, "fields": {"text": "yes", "benefit": 4, "level": 1}}, {"model": "sponsorbenefits.benefitapplies", "pk": 12, "fields": {"text": "yes", "benefit": 4, "level": 2}}, {"model": "sponsorbenefits.benefitapplies", "pk": 13, "fields": {"text": "yes", "benefit": 4, "level": 3}}, {"model": "sponsorbenefits.benefitapplies", "pk": 14, "fields": {"text": "yes", "benefit": 4, "level": 4}}, {"model": "sponsorbenefits.benefitapplies", "pk": 15, "fields": {"text": "yes", "benefit": 4, "level": 5}}, {"model": "sponsorbenefits.benefitapplies", "pk": 16, "fields": {"text": "yes", "benefit": 5, "level": 1}}, {"model": "sponsorbenefits.benefitapplies", "pk": 17, "fields": {"text": "yes", "benefit": 5, "level": 2}}, {"model": "sponsorbenefits.benefitapplies", "pk": 18, "fields": {"text": "yes", "benefit": 5, "level": 3}}, {"model": "sponsorbenefits.benefitapplies", "pk": 19, "fields": {"text": "yes", "benefit": 5, "level": 4}}, {"model": "sponsorbenefits.benefitapplies", "pk": 20, "fields": {"text": "yes", "benefit": 5, "level": 5}}, {"model": "sponsorbenefits.benefitapplies", "pk": 21, "fields": {"text": "yes", "benefit": 6, "level": 1}}, {"model": "sponsorbenefits.benefitapplies", "pk": 22, "fields": {"text": "yes", "benefit": 6, "level": 2}}, {"model": "sponsorbenefits.benefitapplies", "pk": 23, "fields": {"text": "yes", "benefit": 6, "level": 3}}, {"model": "sponsorbenefits.benefitapplies", "pk": 24, "fields": {"text": "yes", "benefit": 6, "level": 4}}, {"model": "sponsorbenefits.benefitapplies", "pk": 25, "fields": {"text": "yes", "benefit": 6, "level": 5}}, {"model": "sponsorbenefits.benefitapplies", "pk": 26, "fields": {"text": "SAT + SUN", "benefit": 7, "level": 1}}, {"model": "sponsorbenefits.benefitapplies", "pk": 27, "fields": {"text": "SAT + SUN", "benefit": 7, "level": 2}}, {"model": "sponsorbenefits.benefitapplies", "pk": 28, "fields": {"text": "Sat", "benefit": 7, "level": 3}}, {"model": "sponsorbenefits.benefitapplies", "pk": 29, "fields": {"text": "Sun", "benefit": 7, "level": 4}}, {"model": "sponsorbenefits.benefitapplies", "pk": 30, "fields": {"text": "Call to discuss", "benefit": 8, "level": 1}}, {"model": "sponsorbenefits.benefitapplies", "pk": 31, "fields": {"text": "6 ft table", "benefit": 8, "level": 2}}, {"model": "sponsorbenefits.benefitapplies", "pk": 32, "fields": {"text": "6 ft table", "benefit": 8, "level": 3}}, {"model": "sponsorbenefits.benefitapplies", "pk": 33, "fields": {"text": "6 ft table", "benefit": 8, "level": 4}}, {"model": "sponsorbenefits.benefitapplies", "pk": 34, "fields": {"text": "Large", "benefit": 9, "level": 1}}, {"model": "sponsorbenefits.benefitapplies", "pk": 35, "fields": {"text": "Medium", "benefit": 9, "level": 2}}, {"model": "sponsorbenefits.benefitapplies", "pk": 36, "fields": {"text": "Small", "benefit": 9, "level": 3}}, {"model": "sponsorbenefits.benefitapplies", "pk": 37, "fields": {"text": "Small", "benefit": 9, "level": 4}}, {"model": "sponsorbenefits.benefitapplies", "pk": 38, "fields": {"text": "3", "benefit": 10, "level": 1}}, {"model": "sponsorbenefits.benefitapplies", "pk": 39, "fields": {"text": "2", "benefit": 10, "level": 2}}, {"model": "sponsorbenefits.benefitapplies", "pk": 40, "fields": {"text": "1", "benefit": 10, "level": 3}}, {"model": "sponsorbenefits.benefitapplies", "pk": 41, "fields": {"text": "yes", "benefit": 11, "level": 1}}, {"model": "sponsorbenefits.benefitapplies", "pk": 42, "fields": {"text": "yes", "benefit": 11, "level": 2}}, {"model": "sponsorbenefits.benefitapplies", "pk": 43, "fields": {"text": "yes", "benefit": 12, "level": 1}}, {"model": "sponsorbenefits.benefitapplies", "pk": 44, "fields": {"text": "yes", "benefit": 12, "level": 2}}, {"model": "sponsorbenefits.benefitapplies", "pk": 45, "fields": {"text": "yes", "benefit": 13, "level": 1}}, {"model": "sponsorbenefits.benefitapplies", "pk": 46, "fields": {"text": "yes", "benefit": 14, "level": 1}}, {"model": "sponsorbenefits.benefitapplies", "pk": 47, "fields": {"text": "yes", "benefit": 15, "level": 1}}, {"model": "sponsorbenefits.addonbenefitrow", "pk": 1, "fields": {"order": 0, "title": "Logo on lanyard (1)", "price_text": "$2,000"}}, {"model": "sponsorbenefits.addonbenefitrow", "pk": 2, "fields": {"order": 1, "title": "Keynote room naming (1)", "price_text": "$2,500"}}, {"model": "sponsorbenefits.addonbenefitrow", "pk": 3, "fields": {"order": 2, "title": "Main talk room naming (2)", "price_text": "$2,000"}}, {"model": "sponsorbenefits.alacartebenefitrow", "pk": 1, "fields": {"order": 0, "title": "Speakers' registration (2)", "price_text": "$10,000"}}, {"model": "sponsorbenefits.alacartebenefitrow", "pk": 2, "fields": {"order": 1, "title": "Speakers' lodging & flight (4+)", "price_text": "$2,000+"}}, {"model": "sponsorbenefits.alacartebenefitrow", "pk": 3, "fields": {"order": 2, "title": "Meet-ups room naming (2)", "price_text": "$1,000"}}, {"model": "sponsorbenefits.alacartebenefitrow", "pk": 4, "fields": {"order": 3, "title": "Hacker's lounge room naming (1)", "price_text": "$2,000"}}, {"model": "sponsorbenefits.alacartebenefitrow", "pk": 5, "fields": {"order": 4, "title": "Chair drop (1)", "price_text": "$2,500"}}, {"model": "sponsorbenefits.alacartebenefitrow", "pk": 6, "fields": {"order": 5, "title": "Conference mobile app (1)", "price_text": "$3,500"}}, {"model": "sponsorbenefits.alacartebenefitrow", "pk": 7, "fields": {"order": 6, "title": "Coffee & tea (1)", "price_text": "$3,500"}}, {"model": "sponsorbenefits.explanationrow", "pk": 1, "fields": {"order": 0, "title": "Diversity and Inclusion Sponsors", "text": "Fund speakers' tickets and provide financial aid for under-represented developers, students, and working professionals."}}, {"model": "sponsorbenefits.explanationrow", "pk": 2, "fields": {"order": 1, "title": "Speakers' Lodging & Flight (4+)", "text": "Help our speakers recover their travel cost! We will divide up the total collected and incl your company's name to the correspondence when we reimburse the speakers - before the conference! In addition to lots of tweets and being included in our marketing campaigns, you'd be invited to a special VIP party for speakers, organizers and notable members in the community for some premium networking!"}}, {"model": "sponsorbenefits.explanationrow", "pk": 3, "fields": {"order": 2, "title": "Conference App (1)", "text": "Yeap, we are big enough where an in-conference mobile app will improve everyone's experience. Help us pay for Guidebook and brand your company on the app!"}}, {"model": "sponsorbenefits.explanationrow", "pk": 4, "fields": {"order": 3, "title": "Chair Drop (1)", "text": "Be the conversation topic as devs wait for the keynote to start! Is it a swag on the seat or a secret prize someone(s) will win? Our volunteers will put your swag or message of your choice on every seat before the first keynote."}}, {"model": "sponsorbenefits.explanationrow", "pk": 5, "fields": {"order": 4, "title": "Coffee & Tea (1)", "text": "Be the life line for devs at a dev conference! Your company's logo will be on all coffee cups!"}}, {"model": "sponsorbenefits.explanationrow", "pk": 6, "fields": {"order": 5, "title": "Host programs in your booth", "text": "Want to run your own mmetups on both conference days within your extra large booth? Be our highest level sponsor. If you don't have enough staff to give talks, do mock interviews or demo your products, we'll station massage therapists in your booth to make sure you get the most traffic and love from devs."}}, {"model": "sponsorbenefits.explanationrow", "pk": 7, "fields": {"order": 6, "title": "Your name on 80+ videos**", "text": "We\u2019ll thank your company for sponsoring the video recording of all talks numerous times during the conference. All YouTube videos will include a 1-second intro saying \"Talk videos through the generosity of (your company)\""}}]